{"name":"6c30f690-629f-4574-9ed1-35307398aff0","id":"/providers/Microsoft.Flow/flows/6c30f690-629f-4574-9ed1-35307398aff0","type":"Microsoft.Flow/flows","properties":{"apiId":"/providers/Microsoft.PowerApps/apis/shared_logicflows","displayName":"Weiterverarbeitung von Tweets","definition":{"metadata":{"workflowEntityId":null,"processAdvisorMetadata":null,"flowclientsuspensionreason":"None","flowclientsuspensiontime":null,"creator":{"id":"d2f64c21-c6b7-4c0c-be0c-9e9762ce77a1","type":"User","tenantId":"8c7ba353-bc5b-4fd3-970c-234ba4bd3ac8"},"provisioningMethod":"FromDefinition","failureAlertSubscription":true,"clientLastModifiedTime":"2022-06-07T08:56:11.1472358Z"},"$schema":"https://schema.management.azure.com/providers/Microsoft.Logic/schemas/2016-06-01/workflowdefinition.json#","contentVersion":"1.0.0.0","parameters":{"$connections":{"defaultValue":{},"type":"Object"},"$authentication":{"defaultValue":{},"type":"SecureObject"}},"triggers":{"When_a_new_tweet_is_posted":{"recurrence":{"frequency":"Minute","interval":1},"splitOn":"@triggerOutputs()?['body/value']","metadata":{"operationMetadataId":"e53de247-dae0-44eb-8e46-db5c202b901c"},"type":"OpenApiConnection","inputs":{"host":{"apiId":"/providers/Microsoft.PowerApps/apis/shared_twitter","connectionName":"shared_twitter","operationId":"OnNewTweet"},"parameters":{"searchQuery":"#7tage7songs"},"authentication":"@parameters('$authentication')"}}},"actions":{"Initialize_variable_-_varErgebnis":{"runAfter":{},"metadata":{"operationMetadataId":"dd25de8a-43eb-4514-8a12-512f1db1b1f1"},"type":"InitializeVariable","inputs":{"variables":[{"name":"varErgebnis","type":"string"}]}},"Post_adaptive_card_and_wait_for_a_response":{"runAfter":{"Initialize_variable_-_varErgebnis":["Succeeded"]},"metadata":{"operationMetadataId":"c9272706-6dd3-4e51-b162-7883eefe82da"},"type":"OpenApiConnectionWebhook","inputs":{"host":{"apiId":"/providers/Microsoft.PowerApps/apis/shared_teams","connectionName":"shared_teams","operationId":"PostCardAndWaitForResponse"},"parameters":{"poster":"Flow bot","location":"Channel","body/body/messageBody":"{\n\t\"type\": \"AdaptiveCard\",\n\t\"body\": [\n\t\t{\n\t\t\t\"type\": \"TextBlock\",\n\t\t\t\"text\": \"@{triggerBody()?['UserDetails']?['FullName']} has mentioned your Tags on Twitter\",\n\t\t\t\"weight\": \"Bolder\",\n\t\t\t\"size\": \"Large\"\n\t\t},\n\t\t{\n\t\t\t\"type\": \"ColumnSet\",\n\t\t\t\"columns\": [\n\t\t\t\t{\n\t\t\t\t\t\"type\": \"Column\",\n\t\t\t\t\t\"width\": \"auto\",\n\t\t\t\t\t\"items\": [\n\t\t\t\t\t\t{\n\t\t\t\t\t\t\t\"type\": \"Image\",\n\t\t\t\t\t\t\t\"url\": \"@{triggerBody()?['UserDetails']?['ProfileImageUrl']}\",\n\t\t\t\t\t\t\t\"size\": \"Small\",\n\t\t\t\t\t\t\t\"style\": \"Person\"\n\t\t\t\t\t\t}\n\t\t\t\t\t]\n\t\t\t\t},\n\t\t\t\t{\n\t\t\t\t\t\"type\": \"Column\",\n\t\t\t\t\t\"width\": \"stretch\",\n\t\t\t\t\t\"items\": [\n\t\t\t\t\t\t{\n\t\t\t\t\t\t\t\"type\": \"TextBlock\",\n\t\t\t\t\t\t\t\"text\": \"@{triggerBody()?['UserDetails']?['FullName']}\",\n\t\t\t\t\t\t\t\"weight\": \"Bolder\",\n\t\t\t\t\t\t\t\"wrap\": true\n\t\t\t\t\t\t},\n\t\t\t\t\t\t{\n\t\t\t\t\t\t\t\"type\": \"TextBlock\",\n\t\t\t\t\t\t\t\"spacing\": \"None\",\n\t\t\t\t\t\t\t\"text\": \"@{concat('@',triggerBody()?['TweetedBy'])}\",\n\t\t\t\t\t\t\t\"isSubtle\": true,\n\t\t\t\t\t\t\t\"wrap\": true\n\t\t\t\t\t\t}\n\t\t\t\t\t]\n\t\t\t\t}\n\t\t\t]\n\t\t},\n\t\t{\n\t\t\t\"type\": \"TextBlock\",\n\t\t\t\"text\": \"@{triggerBody()?['TweetText']}\",\n\t\t\t\"wrap\": true,\n\t\t\t\"size\": \"Large\"\n\t\t},\n\t\t{\n\t\t\t\"type\": \"Image\",\n\t\t\t\"url\": \"@{if(empty(triggerBody()?['MediaUrls']?[0]),'data:image/png;base64,iVBORw0KGgoAAAANSUhEUgAAAAEAAAABCAYAAAAfFcSJAAAADUlEQVR42mNk+P+/HgAFhAJ/wlseKgAAAABJRU5ErkJggg==',triggerBody()?['MediaUrls']?[0])}\"\n\t\t},\n\t\t{\n            \"type\": \"TextBlock\",\n            \"text\": \"\",\n            \"wrap\": true\n        },\n\t\t{\n\t\t\t\"type\": \"ActionSet\",\n\t\t\t\"actions\": [\n\t\t\t\t{\n\t\t\t\t\t\"type\": \"Action.Submit\",\n\t\t\t\t\t\"title\": \"Yammer Post\",\n\t\t\t\t\t\"style\": \"positive\",\n\t\t\t\t\t\"id\": \"yammer\"\n\t\t\t\t},\n\t\t\t\t{\n\t\t\t\t\t\"type\": \"Action.Submit\",\n\t\t\t\t\t\"title\": \"Notice in ToDo\",\n\t\t\t\t\t\"style\": \"destructive\",\n\t\t\t\t\t\"id\": \"bookmark\"\n\t\t\t\t}\n\t\t\t]\n\t\t}\n\t],\n\t\"$schema\": \"http://adaptivecards.io/schemas/adaptive-card.json\",\n\t\"version\": \"1.2\"\n}","body/body/updateMessage":"Danke für die Antwort!","body/body/recipient/groupId":"5d8f677f-663e-4445-b074-5ecbcc81ade8","body/body/recipient/channelId":"19:014055c30d044c91b522eb343e733d28@thread.tacv2"},"authentication":"@parameters('$authentication')"}},"Compose":{"runAfter":{"Post_adaptive_card_and_wait_for_a_response":["Succeeded"]},"metadata":{"operationMetadataId":"12d9104e-f4b4-4bd5-b241-55ac0a39d40b"},"type":"Compose","inputs":"@body('Post_adaptive_card_and_wait_for_a_response')"},"Parse_JSON":{"runAfter":{"Compose":["Succeeded"]},"metadata":{"operationMetadataId":"e9c6c118-70e7-438f-8b2a-6e4168171824"},"type":"ParseJson","inputs":{"content":"@outputs('Compose')","schema":{"type":"object","properties":{"responseTime":{"type":"string"},"responder":{"type":"object","properties":{"objectId":{"type":"string"},"tenantId":{"type":"string"},"email":{"type":"string"},"userPrincipalName":{"type":"string"},"displayName":{"type":"string"}}},"submitActionId":{"type":"string"},"messageId":{"type":"string"},"messageLink":{"type":"string"}}}}},"Condition":{"actions":{"Add_a_to-do_(V3)":{"runAfter":{},"metadata":{"operationMetadataId":"c45af8c1-dfbd-4489-a172-e12f8ade6810"},"type":"OpenApiConnection","inputs":{"host":{"apiId":"/providers/Microsoft.PowerApps/apis/shared_todo","connectionName":"shared_todo","operationId":"CreateToDoV3"},"parameters":{"folderId":"AAMkAGFlMTk5Y2M4LTI4NjktNDBmYy1hZTA3LTBmZGZlNmFjYTAxOAAuAAAAAADdnzUfZf35Q6rOPgbeoGjiAQBlmCYUn7x1Q55HtQhftL6QAAIJyUwYAAA=","body/title":"Nacharbeit Tweets: @{triggerOutputs()?['body/UserDetails/UserName']}","body/dueDateTime/dateTime":"@body('Add_to_time_-_Set_DueDate')","body/reminderDateTime/dateTime":"@body('Add_to_time_-_Set_ReminderDate')","body/importance":"normal","body/status":"notStarted","body/body/content":"<p>Bitte bearbeiten:<br>\nTweet: @{triggerOutputs()?['body/TweetText']}<br>\nAutor: @{triggerOutputs()?['body/UserDetails/UserName']}</p>"},"authentication":"@parameters('$authentication')"}}},"runAfter":{"Add_to_time_-_Set_ReminderDate":["Succeeded"]},"else":{"actions":{"Post_message":{"runAfter":{},"metadata":{"operationMetadataId":"b55f1f00-3794-4750-a535-fbce36a654db"},"type":"OpenApiConnection","inputs":{"host":{"apiId":"/providers/Microsoft.PowerApps/apis/shared_yammer","connectionName":"shared_yammer","operationId":"PostMessage"},"parameters":{"input/group_id":113634762752,"input/body":"Neuer interessanter Tweet: @{triggerOutputs()?['body/TweetText']}","network_id":"Default"},"authentication":"@parameters('$authentication')"}}}},"expression":{"equals":["@variables('varErgebnis')","bookmark"]},"metadata":{"operationMetadataId":"449b20a1-6bf4-421b-a170-b93b5f0a328c"},"type":"If"},"Set_variable":{"runAfter":{"Parse_JSON":["Succeeded"]},"metadata":{"operationMetadataId":"8911bbf9-6766-4acb-abdf-7460e8ca91bc"},"type":"SetVariable","inputs":{"name":"varErgebnis","value":"@body('Parse_JSON')?['submitActionId']"}},"Current_time":{"runAfter":{"Set_variable":["Succeeded"]},"metadata":{"operationMetadataId":"59846431-59e4-4c99-b12e-d834ea1ee437"},"type":"Expression","kind":"CurrentTime","inputs":{}},"Add_to_time_-_Set_DueDate":{"runAfter":{"Current_time":["Succeeded"]},"metadata":{"operationMetadataId":"a2aa67b5-4e21-426c-a102-55ed79da6783"},"type":"Expression","kind":"AddToTime","inputs":{"baseTime":"@body('Current_time')","interval":5,"timeUnit":"Day"}},"Add_to_time_-_Set_ReminderDate":{"runAfter":{"Add_to_time_-_Set_DueDate":["Succeeded"]},"metadata":{"operationMetadataId":"14c30b4b-880d-487f-91c0-463ef96e64e5"},"type":"Expression","kind":"AddToTime","inputs":{"baseTime":"@body('Current_time')","interval":3,"timeUnit":"Day"}}}},"connectionReferences":{"shared_twitter":{"connectionName":"82c8077f06af4010ac79df18d8b67064","source":"Embedded","id":"/providers/Microsoft.PowerApps/apis/shared_twitter","tier":"NotSpecified"},"shared_teams":{"connectionName":"shared-teams-b463f9ef-1386-4858-a626-740333f866ef","source":"Embedded","id":"/providers/Microsoft.PowerApps/apis/shared_teams","tier":"NotSpecified"},"shared_todo":{"connectionName":"shared-todo-7aa1a9b3-054f-42aa-a87a-f2332b030cf3","source":"Embedded","id":"/providers/Microsoft.PowerApps/apis/shared_todo","tier":"NotSpecified"},"shared_yammer":{"connectionName":"shared-yammer-51e78a0b-ffcc-4e82-882c-64ff9b8911a5","source":"Embedded","id":"/providers/Microsoft.PowerApps/apis/shared_yammer","tier":"NotSpecified"}},"flowFailureAlertSubscribed":false,"isManaged":false}}